"happygorilla647","guitars"
"ticklishostrich430","wildwood"
"blackduck862","oceans"
"redgorilla525","nygiants"
"brownfish882","penthous"
"angrybird870","sunset"
"whitepeacock805","claude"
"bluegoose469","golfball"
"greenostrich684","benton"
"silverbird505","polopolo"
"blackmeercat968","dalshe"
"bigmeercat581","bizzare"
"redcat807","hunter"
"brownladybug694","1984"
"goldenpeacock194","winner"
"heavydog775","salasana"
"crazyladybug682","1023"
"lazybutterfly827","ducati"
"goldenswan803","virus"
"purplezebra881","24682468"
"bluefrog884","cash"
"heavyostrich150","camp"
"brownfish801","marianne"
"bigdog670","deville"
"goldencat415","daylight"
"yellowbear694","duane"
"greenlion798","beast1"
"beautifulduck691","homer"
"blackleopard803","elwood"
"happybutterfly702","tigers1"
"whitecat137","joey"
"happyostrich968","jeff"
"ticklishladybug707","coke"
"yellowzebra551","aaaaa"
"goldenpeacock815","watcher"
"yellowsnake910","bremen"
"reddog947","yong"
"tinygoose707","heidi1"
"bluedog395","flesh"
"greenmeercat717","shock"
"crazybutterfly801","pixies"
"beautifulbird784","trauma"
"organicrabbit938","beth"
"purplemeercat810","dontknow"
"yellowpeacock628","rancid"
"blackfrog629","hotone"
"orangegorilla845","accord"
"silvermeercat645","toad"
"angrysnake819","limewire"
"whiteleopard920","reason"
"blackostrich555","none"
"goldengoose371","budlight"
"brownwolf942","racing"
"orangebear786","japanes"
"brownleopard322","biatch"
"crazygorilla965","sheba"
"blacktiger603","steffen"
"redgoose964","123456789"
"heavyduck945","latinas"
"orangeladybug888","deputy"
"smallsnake185","marc"
"crazybird333","poopoo"
"blackbutterfly134","will"
"ticklishbutterfly311","eight"
"yellowpanda711","1a2b3c4d"
"bigostrich199","abstr"
"blacksnake926","eureka"
"crazyostrich470","property"
"beautifulgoose299","baggio"
"ticklishladybug278","vinnie"
"yellowrabbit198","jamesbond"
"brownpeacock869","miles"
"happyswan354","7779311"
"brownzebra932","janice"
"smallcat142","wyatt"
"happykoala956","darkstar"
"angrywolf341","people"
"orangebutterfly213","seven7"
"ticklishmeercat531","redbone"
"lazyleopard524","photo"
"lazycat435","daniel"
"happygorilla683","dillon"
"brownkoala619","discover"
"crazybutterfly520","hawk"
"angryelephant550","tiburon"
"whitecat936","iguana"
"brownmeercat155","master"
"happytiger464","barbie"
"ticklishfrog416","guitars"
"crazydog973","fergus"
"sadbear209","noway"
"bluedog522","white"
"purplezebra525","punkin"
"lazymeercat377","ferrari"
"ticklishbear497","knight"
"ticklishwolf262","butts"
"beautifulmeercat959","elmo"
"goldendog911","chrono"
"tinykoala163","underwear"
"goldenkoala637","harley"
