"happygorilla647","b'$2b$12$FaGMob9VPv0Jn.Jb4W/J8.VruYCCoCUxTR0q6u/Pr.kaHE2tt22iO'","florence.nguyen@example.com","079 827 04 10","274.7776403952519","1924"
"ticklishostrich430","b'$2b$12$4FNFIDNuIDm3cvUusBgaNuVuvNBErojephbbEbjl3.yivA3FrYxxi'","robert.brunet@example.com","076 467 36 60","290.54659312227375","4095"
"blackduck862","b'$2b$12$zhVf8TXnvgK8iGsqi7tPbOCb1oQVkIGT6wRdVrURYSYFYQuBdMVlO'","randall.johnston@example.com","09-3211-0360","267.1914950231119","6453"
"redgorilla525","b'$2b$12$0YRkKsLQQnPZlz4P4cFVLeVR2FqXkXtyyeImw9ubfEmj/Budm2XlC'","eliza.mcguinness@example.com","011-738-5596","294.36864462422085","8184"
"brownfish882","b'$2b$12$cZUHzld3D.uDkpI0XrZnCeSPLEPXSi73K4OOMSL3UNyfAgkYQNMlG'","olga.jimenez@example.com","945-313-976","354.32027331154546","7503"
"angrybird870","b'$2b$12$4AmcCP1tLxMawW5bstHNHeEpTAgAGRrntMUe3xCFZkjWStIxD2mhK'","onni.saksa@example.com","06-913-080","381.8550016578096","9930"
"whitepeacock805","b'$2b$12$bvUHXT2jN34IRBHE/NlVo.tP55F0ORPxejSW6cEqx4ftk.y/X1dgG'","patsy.taylor@example.com","(113)-853-9634","321.3919007363255","936"
"bluegoose469","b'$2b$12$rD56bzftSLuGpMdySdjLtOC5ZTAi4xZfbYQ8Mq3ijBQyT1woaceoi'","ysn.shylyrd@example.com","096-36379718","247.63556984676922","7158"
"greenostrich684","b'$2b$12$DBwCBOI2wefScAtJ7QMx5uwuqFZjcwtL.8yHxxwH/PAh8DbGCmcme'","yair.ettema@example.com","(122)-056-7128","254.53191089604752","8716"
"silverbird505","b'$2b$12$VFFeSTvZW0Kmztbdlb52AepvMboStjB8kKy84L4QFvYMdQNYMoqbK'","josefine.olsen@example.com","53856904","293.73418874012856","2184"
"blackmeercat968","b'$2b$12$pB6CBu413ORbwe0eEGqn5.jUJjYKfM6vYL38IqfA/YLgtZiX9vkAu'","victoria.cooper@example.com","028 2633 4428","275.1910269280381","6406"
"bigmeercat581","b'$2b$12$HYrdYMJ5itqHMC3pOq5oS.W.tWIDfpxfU6SHFKNwwa9KBXWEmbZta'","jessie.hopkins@example.com","08-7466-8501","299.28430542220985","7955"
"redcat807","b'$2b$12$18/zyVh.ABiR4rU5qOoRsuQZClU/ksE58oS6p9EMbcFLhKSGJ33Ma'","harold.futterer@example.com","0245-9925128","297.73534004339933","6550"
"brownladybug694","b'$2b$12$rLjLFt.ZjfNcf5CgB85lXuOUa11m0p4MlggldU7A4mXa4g48WG3ce'","everett.garrett@example.com","061-641-5335","394.52914757321673","5875"
"goldenpeacock194","b'$2b$12$GW0SdYFbgKmCCnwsDQbWHupEtb8ZnKyCKXKWDzypL8dPJnrRuaeEG'","agnieszka.robert@example.com","079 329 51 44","312.2921566568118","2549"
"heavydog775","b'$2b$12$ewZ2ATbV3hYQIp3Wrpchy.lLcaZsYe8calUZaDZTtDYTY7i5AQtti'","alexis.harris@example.com","760-086-0308","351.4606895533526","5495"
"crazyladybug682","b'$2b$12$tucCE0FTblKOFW/2XOpzj.rjJ7cjn40Nv9sRfiqtTvb0f9.kxEWP2'","claude.carlson@example.com","051-311-3073","365.06073435828307","7257"
"lazybutterfly827","b'$2b$12$eMQDGsa5ebfsvNJ01YZCLOAH4tUWeicFpzqyRL4AcLqAMC/Sg0JMa'","jocilene.teixeira@example.com","(87) 0872-2543","296.63482768920346","7380"
"goldenswan803","b'$2b$12$tbQTnslk84i/QH0.aQGZme7JKLNBXbQB3nStu2WkzNAXt/V5DenCu'","sylvain.muller@example.com","076 534 79 75","236.31437738021307","4939"
"purplezebra881","b'$2b$12$DOUpgVc7DcPdtLGq0jeEXO0SsgnuSAsiE53H/voxUQq.tPCwnGTCm'","adina.leibold@example.com","0655-4509563","293.7758109574413","1783"
"bluefrog884","b'$2b$12$ewmdZ9A53b1enMp/nr9du.ETsAZpNkqjTT6DnoMs2W1HOAzCt7/rm'","curt.ruf@example.com","0256-7704607","319.1108936434628","9199"
"heavyostrich150","b'$2b$12$/GejpnDJiAOnZfZ0VtuYTe48klfpJ46hWPvD7NM1rhqxtiWtmTmqm'","georg.berger@example.com","078 723 28 49","274.8573377190752","7422"
"brownfish801","b'$2b$12$ax2S/BY9sMebdCTwE3K8MO3N04QPdyi44d5rMF0awmbk3rbWj3nbi'","rosa.jensen@example.com","55172078","322.3862476150175","8416"
"bigdog670","b'$2b$12$LvjT0lDCWGcPFCEfX8QFOOwUzjL8TMBqVNxpBo.squ/VwWCWEKlMi'","jesper.vandervecht@example.com","(121)-084-2185","358.75356506900835","2502"
"goldencat415","b'$2b$12$.D0A45J.9WehX0A7pkJ0xO/.mTKuBC.v62dXn5KFrYH2eHeLGLGcW'","silje.jorgensen@example.com","57715507","304.75880950692647","3222"
"yellowbear694","b'$2b$12$WMr/fauN1.5t7UZzVb5we.G3XWhiuQX.YTZXtZkhunMLMiKr9EdUe'","magnus.thomsen@example.com","72385025","311.2234737401507","3964"
"greenlion798","b'$2b$12$V2lNOY9Z/yUlf2iJNf/zPelk8SXHVfhgp.n1lLIq/8d9GAaQc8K1K'","harrison.edwards@example.com","(605)-440-1041","311.10342307912293","9392"
"beautifulduck691","b'$2b$12$dj.03MUuXqvQim88wpy3suaWGBchG.J3scii0oDSyenKNslML9RKK'","sila.vanwinkel@example.com","(455)-560-3118","381.5116533123626","1486"
"blackleopard803","b'$2b$12$vUpxD6Vr./xCX9OsgPokneLT3sMY26fEbaoqczJxljC09PSKXYArq'","philippe.karger@example.com","0455-3797376","308.8899145495009","3630"
"happybutterfly702","b'$2b$12$ujd8Q.0lO3IuSfWLNzUX4OPfwo9BuO33G3rPZnT7Kp.3oCw3jxMSy'","veronique.schild@example.com","0676-0250163","345.47077227743665","9379"
"whitecat137","b'$2b$12$phq5vuYuLsKriWjPVBPOKuRcFjYS1Dhp3aUyYy1DxIAkGLa6IG0u2'","henriette.horner@example.com","0985-2351564","285.08014772465964","7054"
"happyostrich968","b'$2b$12$SGD9erHgNW9et7EbdUcQ0.vy9w.7ykks9QJON/zWhDU0hhDleYin6'","alejandra.ibanez@example.com","956-097-058","317.6235191757271","7636"
"ticklishladybug707","b'$2b$12$e01VU6anzqx2jQ3NGwVk.eHOjK5wu4LrRTrV9Ch4278i2kS7T68Cu'","christy.sims@example.com","01-7403-6108","330.2982175974827","3635"
"yellowzebra551","b'$2b$12$aNqRJl7ZZ0GvlPAhQEoV4eWYx0Ujbxt4aLbHX8BBMRRoRoZybOzv2'","volkan.okur@example.com","(363)-058-9163","342.40720215226713","3170"
"goldenpeacock815","b'$2b$12$9kRLssRvZKwQ84X4YsIHVe52xWZ1ba1oJ6/w/fZCtWD1kFx.t1uoC'","spencer.hidding@example.com","(602)-411-8208","226.47068888150477","3451"
"yellowsnake910","b'$2b$12$nJy9BjOchvq6DPXLwOBeG.u2A0F7gjgTGM.5dUZ3JjKteDV.zeP/q'","nicklas.christiansen@example.com","77686934","277.1331136849479","1197"
"reddog947","b'$2b$12$x.tPAxdEkoMe4rGyzEM/JuapZ83SBMnOKtNFCQak5tAxfFLLi4EH.'","samuel.harris@example.com","(991)-824-3035","304.7444469471071","4737"
"tinygoose707","b'$2b$12$R41iomSdJdFFmtr.bP9LqudX9IOO1hp26sodHqrws6ZqDSGHc966G'","meline.noel@example.com","01-26-57-75-06","243.60056465470714","9050"
"bluedog395","b'$2b$12$4O59qrZJxsqkxumYtv5pk.mJyMgY7nuNA.oGQvsw9mEMHRnwcWPYq'","carmelo.laurent@example.com","078 334 29 88","310.56716630922523","5357"
"greenmeercat717","b'$2b$12$oQgo2yxAQex1XlXevuFf4OUlKaDgXMNXaHEkRH2ItdmiBFhFRtTyi'","jelle.fuchs@example.com","(122)-931-9072","261.7243827055509","3583"
"crazybutterfly801","b'$2b$12$utE/PrdA/dW30Kh7DWGcfOUkdFYJ8mgITc00JS4peUYl4YG4MfyWO'","diana.mckinney@example.com","016973 46267","348.3912548836982","983"
"beautifulbird784","b'$2b$12$3h97QHXuezjb9v/3RqJ8O.jBku8pnJ4hVlGDgwE9cS5cvuOwuUk1W'","josep.sanchez@example.com","967-696-338","287.3757344297219","8531"
"organicrabbit938","b'$2b$12$yinAm7n0tCVrfyR09VuY1uDnEnX3lX0c2xAFw.rJUtVhoeQ3Gekpy'","cipriano.viana@example.com","(72) 4009-2779","323.0971932829716","9984"
"purplemeercat810","b'$2b$12$5IcKA/grNRqDlRKRZPxOrOCk4TyVpDfO.Kc5n.DAjrC9/.YbzSQxe'","anna.zhang@example.com","(629)-868-0551","337.69335321133224","2259"
"yellowpeacock628","b'$2b$12$3G6l98DGiBxnhw70cxJvXO0tHLGy0jedo7LFr1ZUL0hk8NWL0XDrG'","roope.leinonen@example.com","02-631-300","278.93768761174874","5037"
"blackfrog629","b'$2b$12$.ff1MCcU5zhcfriyLwSWhetFiB0savHPRSkhfJExvoRa.90ISPmpi'","jason.hemme@example.com","(723)-961-9645","378.09385979721236","7519"
"orangegorilla845","b'$2b$12$yCZaFLwQxQI0qZK4mJrqi.FopgVIiJ/4pkexvxBrPZmXli7c2GoHC'","liam.singh@example.com","842-797-0994","222.13397557426237","4934"
"silvermeercat645","b'$2b$12$ov1dMpbmsJ020ePRQEEXC.9bVtpIGe2YZKjP.e9yS8MKP30.PN0ca'","mandy.hartel@example.com","0229-7636704","330.6602155082642","870"
"angrysnake819","b'$2b$12$OjPeDWwAY/kMOvRNEq3plucFw0kuhDE2i8B.3Ujof5NKLBsX4mFai'","katerina.siebert@example.com","0354-9368728","325.5170761796006","2335"
"whiteleopard920","b'$2b$12$zgPOzOGQ6EdYC2OCxXI5teWp1DeMwxEXM07c1/0Lued4Mh3OSqPju'","lauren.gomez@example.com","016977 0308","276.17226388921273","2665"
"blackostrich555","b'$2b$12$haWNBpZt.o1zSzBk3Ju6gOkbFoEDN1VS34RtUfuM5wHGjJO3Vqb0m'","ariane.lo@example.com","262-117-7127","329.5204248389734","7033"
"goldengoose371","b'$2b$12$EufsgTeqHPVXI986Py207eNvS6unBbq2Ynz5N7Sv3aO6LxbNZa0fe'","caren.caspari@example.com","0523-7809431","353.1300702055865","5739"
"brownwolf942","b'$2b$12$cC83QNl9hn4jLrK2zJgCruAA4Sgtcr1Js3FPHoCdevYl2arLBwPkS'","simon.marchand@example.com","078 532 02 79","336.7207144846001","2297"
"orangebear786","b'$2b$12$TBAySeGzM/eac/Gi/UbqguKO1bMopSyBGGJjJkSKFMc0BBel25LSu'","darrell.jimenez@example.com","(276)-653-4280","296.1595358717517","6606"
"brownleopard322","b'$2b$12$YI4bF4YTNAQmuAUsGfyc2.hpLKZGqulI3mgJGbIz/Fq7HntTiM5PG'","thomas.douglas@example.com","01020 24159","373.31473708925085","878"
"crazygorilla965","b'$2b$12$yil0ukagSzKnwKyrY124i.L2BaRJZ5dpii90sbBXpiYoBtZyN6Cz6'","felix.rodriguez@example.com","925-494-179","274.76229981569213","251"
"blacktiger603","b'$2b$12$i.phlw4zl5DQr3mgHMQH7euAmpwFdI/RFE3F..PhJsnJVw7JQwVFu'","celto.barros@example.com","(05) 4881-5837","226.9332179908905","7597"
"redgoose964","b'$2b$12$3N9xTylz1l2nxtnNSQZ49.ysEhcHR7nyntM4GXbhkh2.QcrgVoNW.'","ricky.kelley@example.com","061-105-3569","279.34928075288536","1474"
"heavyduck945","b'$2b$12$wE0cXxk6jKhV/kcfZJjsuezzmBD9bGl8UQ4MsoJiKvXsrmyxIETxy'","sara.nelson@example.com","019467 51771","332.8587262615577","3657"
"orangeladybug888","b'$2b$12$JQDqXkujsEsP7Z9sJeQhNOD9H2MQQ0BUAlzi7DuO12B/DV3vaCjg2'","noemie.guillaume@example.com","04-81-07-79-32","388.259226675389","5014"
"smallsnake185","b'$2b$12$CDrwfHQDxp8xFThDXMEmm.fJ.GRQBy6iv4WEDvzvVRrKbKtv5myty'","sofia.kumar@example.com","(558)-006-5305","259.30460264660184","8238"
"crazybird333","b'$2b$12$nFMM15TBvZ.TF6Ii4IDcs.8K0amPbUReDv4Ta8L02CvkypLJeL9Da'","drs.aalyzdh@example.com","056-99703341","327.5034349945517","1199"
"blackbutterfly134","b'$2b$12$AvX7fGFd0jTOd3a8swyPO.Zbb4E2KLEE9s0MjXmZwEMnKOw3KzlQW'","renato.vieira@example.com","(13) 0317-2184","289.21715406595183","3067"
"ticklishbutterfly311","b'$2b$12$CiaR94SdJhmPOSpRNzneDuD8atzn.sVmurqpsyCGBd44dAtkT8svm'","enrique.aguilar@example.com","961-081-804","354.6487067219263","8770"
"yellowpanda711","b'$2b$12$WamClhcw8pZo9IAP/n85NekvActSTarualvKqEyYJwawyTZ2mb5g.'","anna.walker@example.com","05-9962-6333","291.3029828237304","9678"
"bigostrich199","b'$2b$12$twkwo7JZEKEV.qbI9wzqoeuJ1/naydAHK6vjFf850npeFmqTZCGjS'","anne-marie.deschamps@example.com","079 061 34 26","262.6667780847298","4028"
"blacksnake926","b'$2b$12$Im/q5kkB7znbsA8YYL/F.OQGTAe9pwb4QlJRR5OKbcNUGRW55VOS6'","ines.calvo@example.com","944-153-200","295.9763075933644","5301"
"crazyostrich470","b'$2b$12$zUI1MrdlWifHwXrjdOoJ4OsLmg8/9qeTvEnMeRbbflBehROJhUGx2'","tim.graves@example.com","03-9055-9233","370.76552637290473","687"
"beautifulgoose299","b'$2b$12$3i.TeqXGsmtuSVZ0LL1qqO5aHqyEVdOTZb3y4WJaboE8v8Aii7GJq'","lucas.morales@example.com","991-864-774","310.6643137737578","2767"
"ticklishladybug278","b'$2b$12$hXJTvxpaIQgBoYNbKzJxiegOJy8cT0g4u8KU9e3Sa7mP.xiOLfbvm'","gonca.keseroglu@example.com","(840)-559-1637","332.4411321889214","5343"
"yellowrabbit198","b'$2b$12$n2rSfGCa6NLDQ2upGjF5bu86AeGUYqteO1jQYHE3Kd1WrYPCtMs5u'","erica.laurent@example.com","076 745 24 31","295.91124371647254","9327"
"brownpeacock869","b'$2b$12$11GPkB7Sl2POXoXLy3Be6uoEgW7rGgvtaRgQJKexe6cHf5rdxS/K6'","laura.herrero@example.com","942-173-712","335.8479499087211","3819"
"happyswan354","b'$2b$12$TP0xeSnd9GK295cg0UKPJuKLWx.PipIhv9zk1bRo44jEzDtwsyVJG'","ambre.legrand@example.com","04-12-65-05-97","321.8933599013768","5009"
"brownzebra932","b'$2b$12$igr0l.oEjyQlHqcMnsLzc.1PxfU5fLqpnvLOY3GjFjGS9sd5z9Mri'","lumi.hokkanen@example.com","06-189-149","293.2231003191525","3148"
"smallcat142","b'$2b$12$uw2dDJugshnZKfbjcS/89.1AXL6BAYQNqtaqd8eQXU9sdDmstElFK'","kyle.davidson@example.com","011-051-6666","294.8982214948057","8052"
"happykoala956","b'$2b$12$32ohZBvAgsFhsiViS5IsLubhSGabQo0hkGi4vN43DDD6YOFshc2V.'","ester.jahn@example.com","0649-0925411","333.36371848477427","646"
"angrywolf341","b'$2b$12$N4nA0rOMlT50GnYCLXiA3.4uszRuiRRt2lIUe.zWjRNM0R.iRJrEu'","khymy.glshn@example.com","026-80436533","296.80224056757214","3597"
"orangebutterfly213","b'$2b$12$79ylR9pWCjwFAonYF12CNOO/ZDnQdHWNV2w9FC7nT8Bh8BOWegOsu'","ellie.byrd@example.com","011-464-6486","295.63545877001906","6235"
"ticklishmeercat531","b'$2b$12$E1v.tmWT9t2gZWNxwS2NQuqSI7ux2MDpQ2ExHvUCZ8GH7Y00eaax.'","eli.vanoppen@example.com","(171)-606-8185","368.31370949773753","3930"
"lazyleopard524","b'$2b$12$HTBq.a0koS4YcudX.E2IW./ey1LTWfxWRTpBaTLshNbsmqK8BJ75u'","leona.blanc@example.com","077 740 29 36","375.6992466134721","6089"
"lazycat435","b'$2b$12$w2BPknWM61KQKUC8QsP8qur0ThLzz/wuW/iNe3Ls8iQFtOd294qEe'","lotta.koistinen@example.com","07-262-229","367.19989582922307","6733"
"happygorilla683","b'$2b$12$wcpGEsSC3T0zxp8qg/R04.S5tt8oXXvUAHJDxUx/64py61sMBZt1C'","rh.sdr@example.com","048-42637609","386.711446095969","8187"
"brownkoala619","b'$2b$12$PQP6XyCgZPwfErCXRc36.eVZiJVUTf4FLCkkNELwDLQ4DPrKRSzTC'","victoria.gallardo@example.com","929-395-305","263.7561088011543","294"
"crazybutterfly520","b'$2b$12$gf1ph76n91/WH/f4duN88.uTfkHjWbnchrQ6JUzwgumvfkAaInKAm'","faith.little@example.com","0114767 615 9438","311.1090993582282","3180"
"angryelephant550","b'$2b$12$3V0SJe7DDjN9qEfALUNbguKBK8aU8h1kmNZVtNp/TeT8X2grZBfgm'","noemia.cardoso@example.com","(58) 0195-2170","257.91374843443793","9532"
"whitecat936","b'$2b$12$y49dSS2Y8vYFPIwvr0fime1avztsV.SUivGBFe6Bgq5PXQu5k3Cy.'","max.singh@example.com","(769)-119-9251","303.12183302815566","1183"
"brownmeercat155","b'$2b$12$Rc6iVPnk0Nz7CocV9wDKF.w9P6YYucx992.nPqwfLRNUSl4EVvGce'","hudson.morris@example.com","(091)-490-5927","331.79833149458756","8131"
"happytiger464","b'$2b$12$guGm.RkLQYPBwqv9NrrBbOi4EL7J7uOY3pnB4zS9asRxXVNB/qgVu'","ozkan.avan@example.com","(508)-359-6153","295.6294986187352","5297"
"ticklishfrog416","b'$2b$12$mQ3Ip50aUtX.uL49s7GdVOERRBxQgTg3Vk6ApLvc0MySnDopU4J5G'","cornelia.thomas@example.com","30103840","267.92442968235696","1092"
"crazydog973","b'$2b$12$btZEtj.pTeyU36ElqlEU0uV/LzuKiHqE8suUaTTjRzjJgRZGvJ4/2'","marc.hill@example.com","015396 06733","302.7361611352107","167"
"sadbear209","b'$2b$12$NNGfVeLYDpysYPasE4DMsuwD24VX0d22jnn/sjd.qfzUxqlZlrsOq'","charl.lankhaar@example.com","(198)-954-3798","266.942186535992","1289"
"bluedog522","b'$2b$12$r6dw66F9N8S/bkUwYSTnveWd5hQMs60PSevy5ImX.hcGI6CHJ1b6y'","allie.marshall@example.com","041-235-2344","286.0168204881892","9099"
"purplezebra525","b'$2b$12$rn4aQytR.Ez/szk3FLz7b.kbIgFdPC7KreoWr7NmnKZsO4/Z2v7lS'","remedios.guerrero@example.com","964-926-104","295.7297240067402","9471"
"lazymeercat377","b'$2b$12$h7dp9Jqm.nVek0PTULlab.kB5YSXnNnkRMRp4L822TnyfWdyXjkNG'","helmi.lassila@example.com","08-332-218","234.81786035221347","5491"
"ticklishbear497","b'$2b$12$aJ4KuONXlFyQ1Xuks1cvbOfZst9/KQZSnM9MhrjA8i7kBlaazUjdq'","juventino.darosa@example.com","(20) 1541-5717","318.6884497006239","3745"
"ticklishwolf262","b'$2b$12$hyr8kK/C7qCO5zN7KVCN6OLWoLyEgyvuw92h4.SzThOmQhdglTkdq'","sofia.thomsen@example.com","56783073","361.1082625433095","9659"
"beautifulmeercat959","b'$2b$12$oXqAS7vFpx0BVqIKogWe.ugmqTz6RJUV9P93SPHmkHTsD5Da.oPnq'","maelle.gerard@example.com","05-91-20-35-39","396.5997471017132","4254"
"goldendog911","b'$2b$12$1EGfqMGfCC7hmqAe/BUDnOChNoQvBjJMbo31EDL7HDqWeeuE2FkqW'","prhm.hmdy@example.com","000-90102996","315.18473814459696","1805"
"tinykoala163","b'$2b$12$bh3m91494bs0Zo2QWk8s8OP.jM3ZxFl4VCSDDOVy2KGX8oc8hWlSm'","harrison.williams@example.com","(894)-387-3689","295.66099148458693","5282"
"goldenkoala637","b'$2b$12$gYW2V1HKgs9rEwSJFBldA.YbxdabmA73X5TZ5jyIcQGVF59kp0Vf2'","meik.rust@example.com","0365-0107605","307.71635788821385","9104"
