"lazyfish852","mathew"
"heavygorilla744","alphabet"
"crazymeercat439","alley"
"biggoose996","junior1"
"whiteswan746","wrinkle1"
"redwolf861","smith"
"blackbutterfly885","cbr900rr"
"greenbird427","astrid"
"tinybear442","hawkeyes"
"bigbear304","1027"
"greenzebra734","swordfish"
"smallmouse131","erik"
"yellowostrich328","high"
"organicsnake210","pancho"
"bluerabbit669","enternow"
"purplerabbit711","cloud9"
"lazylion182","labrador"
"purplecat795","tracker"
"silverleopard206","bigdog1"
"happyduck788","espresso"
"purpletiger344","dogface"
"tinybear138","simpsons"
"organiclion876","yoyo"
"bigmeercat379","waterloo"
"orangeleopard194","tuesday"
"goldendog809","66666"
"greenbird805","games"
"beautifulgoose610","marcus"
"redladybug658","orange"
"whiteladybug876","ontario"
"lazycat254","qwertyu"
"greenwolf709","junk"
