"smallsnake809","fuzzy"
"smallkoala709","alexis"
"silverzebra267","124578"
"heavykoala287","choke"
"brownfish909","davidson"
"yellowswan649","face"
"smallbutterfly113","connect"
"silverostrich980","hahaha"
"ticklishpanda907","202020"
"ticklishzebra483","italy"
"blackbird877","pixies"
"bluegoose408","234567"
"organicmeercat965","888888"
"goldenleopard998","lalala"
"purplegoose207","ttttttt"
"blackbutterfly635","zulu"
"heavygoose349","pokemon"
"redbird953","series"
"bluepeacock583","guido"
"goldenostrich273","alatam"
"crazyostrich122","goldie"
"smallgorilla264","clutch"
"lazyduck146","freddy"
"brownfish489","showme"
"yellowbear846","puppies"
"blackbird676","grass"
"angrypanda736","gandalf1"
"heavymeercat510","pepper"
"smallrabbit136","mitch"
"angryduck207","best"
"orangebutterfly118","1220"
"orangegoose950","shua"
