"browntiger776","maker"
"happydog149","ametuer"
"sadlion984","womans"
"goldenfish176","456654"
"organicfrog305","gilles"
"greengorilla150","ranger1"
"redleopard515","hawaii50"
"ticklishsnake947","goldwing"
"beautifullion990","bright"
"purpleduck146","soccer10"
"browntiger201","element"
"whitedog915","hiphop"
"bigpeacock953","1947"
"whitezebra282","slow"
"sadcat281","blue1"
"whitefrog634","redhead"
"yellowswan795","oooooo"
"orangecat199","meat"
"lazycat170","midnight"
"crazyrabbit978","dodgers"
"beautifulcat879","hall"
"tinyduck730","caprice"
"bigmouse370","milkman"
"yellowkoala608","lionking"
"bigbird572","shopping"
"heavyostrich101","143143"
"beautifulgorilla799","lespaul"
"smallpeacock132","digger"
"angryfrog826","fubar"
"orangebear950","manfred"
"sadelephant938","7654321"
"angrybutterfly766","charley"
"beautifulgorilla711","1245"
"blackfrog238","henti"
"lazycat686","bigdog"
"happybird169","paintbal"
"whitebird891","darklord"
"goldenladybug220","hottest"
"redduck922","stuart"
"angryfrog345","deborah"
"bluebear948","zaqwsx"
"smalltiger215","bilbo"
"redpeacock445","wilson"
"ticklishmeercat385","ricky"
"smallmeercat885","plasma"
"bigpeacock769","cancer"
"lazyrabbit976","parola"
"bigsnake723","232323"
"yellowsnake951","trustno1"
"heavyfish109","monty"
"goldenlion182","kodiak"
"beautifuldog511","devo"
"beautifulleopard909","buster"
"greentiger907","pooky"
"brownelephant214","devils"
"blackkoala898","dreams"
"bigbutterfly510","blue"
"goldenpanda868","jonathan"
"beautifulladybug881","compton"
"lazysnake558","leather"
"crazybutterfly562","1818"
"browntiger337","reebok"
"blueleopard235","satan"
"heavymeercat380","shells"
"crazypanda227","cory"
"purpleleopard162","fergus"
"blackmeercat505","thewho"
"heavytiger672","obiwan"
"orangepanda136","birthday1"
"redsnake165","wrench"
"beautifulgorilla803","green123"
"crazyduck945","drummer1"
"sadlion699","rush"
"sadgorilla526","nnnnnn"
"smallwolf609","southpark"
"organicfrog176","bonita"
"sadwolf750","bobbob"
"bigbird883","pippen"
"tinyfish598","1357"
"goldenzebra504","plasma"
"crazybird677","wolf"
"orangeladybug550","perry"
"angrycat138","state"
"ticklishmouse899","catcat"
"orangewolf637","henti"
"sadelephant412","peter1"
"sadzebra292","higgins"
"whitesnake458","windows1"
"tinyzebra229","nude"
"whitedog941","renegade"
"greengorilla511","canadian"
"purplepanda541","nation"
"happywolf644","chicken"
"ticklishgorilla508","12121212"
"redzebra352","evelyn"
"yellowzebra226","lenny"
"whitebird822","mitchell"
"yellowbear503","heng"
"brownmeercat403","123qwe"
"redzebra590","middle"
