"browntiger776","$6$rounds=1000$K5d2ckmwRq9iXqmU$4tKW1t4EuCGpa58ZLZV.Pwd5v8Wgr8epB2jgZdgaRVuSk9OV2kx2hrdF2dV509nGAd8ej2N3KQbLXP7ApO3qP1","esat.kocabiyik@example.com","(577)-934-4992","226.55791675133707","549","0"
"happydog149","$6$rounds=1000$v.hfjdE3CM.k78Jf$j/dEJlfsP/UDSYQdIushHpiQRVDqrNw8V6tldMey1PPYAXFIa5s67fQa31m3F4DAGu1Gnc04PW10hiHi6ph4u/","cetin.sozeri@example.com","(966)-059-7926","327.8418751832413","8610","0"
"sadlion984","$6$rounds=1000$7krZ9aTNmktzdIVo$TTvPQn8reDAkf9UdW2m02a0ico73Ulsf7qvvu652R.sKzwgkVH3EipJu95MhezaFiC1acEM4.Ud.3Q6UZMjcv/","khymy.rdyyn@example.com","057-44947118","287.8633156701516","346","0"
"goldenfish176","$6$rounds=1000$gtNwsJzxPrEeG.ko$ACbp9J5nawXfsZD4Wl5CDZDj55Th.Av3aYpfDz6JWBuLQ/IfBce74RtKj8cdZNXk/iv0XmrWmLiNwZAxKUcZY0","iiris.manni@example.com","08-020-490","356.56874716357464","7572","0"
"organicfrog305","$6$rounds=1000$ofl.QvrzWq2ZrPvl$zACKW1ByMgMpri6VWzrrrVBekIjRvGUpIzhyJT.b4gRDlw8.Bp5YHtd9RRXUhtAXJHehjt8lIPmU3OoeyH4Co.","theodor.estensen@example.com","37576976","210.8532798844119","820","0"
"greengorilla150","$6$rounds=1000$T/vN5exvmNwxzmbv$bmenyMuPAP0VE6VTx6B1rhk.P9g3UwloD0ZbGGWbEnFRNqwPmdMZ3pO3GmNcDI8a/UxenX.NqgS9uh6Y6zQdF0","mikkel.nielsen@example.com","23096288","344.6400796799497","5131","0"
"redleopard515","$6$rounds=1000$y.iRXzVxmPftSejs$ggQim19DYxMBJ3POxza8S73rYxTC7O.4vtAslvre4Y1t8DH60/pVHBlHvaXOl9jCnVnPMQ.Wu0oCaKVqcXv59/","albert.cano@example.com","981-866-190","297.8264936261829","8912","0"
"ticklishsnake947","$6$rounds=1000$vjg4G6KwiXf5QSf3$2IbZ4gH8YhLvyXpyIXVqe58T1YRj2vVF/XvlgMzg/HkQYWngXPHiyIZsSPl3v50extXpexBLX5iPNO26Rx0Vr0","andre.petit@example.com","077 418 65 15","268.786416910752","4983","0"
"beautifullion990","$6$rounds=1000$IjQR/Ul3MSltPNE/$ULh656m810fF5.n59QFMjLy8nrJXRE.8bBzLZBoh27tWrG88vwFeoK3FHPmMYJtUD7OBqHy3dgWrFVmpPQ7kf.","liam.ennis@example.com","623-644-3132","346.4321848853487","3845","0"
"purpleduck146","$6$rounds=1000$3OnuuBYLD9xLUAgY$Dh7aJjbHJMCwM7QEj7a.NReEvKA9PWVeP3jYQcH8YF6NN4/f4/KNJ7et95sfsRJUwInbt27tJ0Q0dkDRn.fQ//","beau.king@example.com","(823)-580-7773","340.19070079723014","6367","0"
"browntiger201","$6$rounds=1000$1EENYQhHRxJPYCcd$m17KMVtF/Oxp7Tvg38gthTJGfsjVIv1zSB0n86PlghwrxUWLK5grpC9GkL8gz40e6/9/u.r9kMbXE7h3BUyE3.","sophie.louis@example.com","079 888 96 00","324.4567892913018","8574","0"
"whitedog915","$6$rounds=1000$pTyaqt5hX5gcqqZp$nk6KJZs0Xc/JKD7gIC8JMjsxddHMlVWZCUjIuImkKUsMAHb3G.k5pe9iHEx6yGJjtDh0vKwAH2BS/YZVY7Ua20","anna.ford@example.com","071-362-9156","309.3614136892583","2526","0"
"bigpeacock953","$6$rounds=1000$3zJTgy2NFpK/BJQ/$r5PoFB/gVcXEyMso71c1CkUiIWM8l002jJ0IWdvnP9YuKQADm24ib8lbBgvbTI5/7zvozp7NvwDx97l.rDdTH1","julian.cano@example.com","930-465-935","317.96265086800304","7220","0"
"whitezebra282","$6$rounds=1000$qqiRNszCsto.wgcD$pDjwkY6b9ej22f88y5c7uTovvOQ8oZ1g6jAUDEEen9IWyapR8iFVAFEp4FK5oTUQxN33B8dNLnUnq/m4fwI.g1","higino.porto@example.com","(84) 3106-5093","294.2907579999962","1273","0"
"sadcat281","$6$rounds=1000$5XUAvuVJpiZK6r13$tgTMk5CmJZA/94F9IVmc8ahq0ys/pcdMzWZ4ebqxDdeIpT3BPrBOPF653qNGkZIbMOX7jW8MJe0Nz2xtl9pse/","ava.simpson@example.com","01172 05273","304.6188891951614","1595","0"
"whitefrog634","$6$rounds=1000$7hEI6cEeD.NEVvCG$sPOEp7JGBqHnXjqeq35aDYoGOtBrkyRXwpppWKwCl7Ya1ggFOMy6YYf8Z7F2FLEAz5Oeo5Gr6Bv6ik8DNQbML/","susanna.clarke@example.com","061-699-2784","294.9548860776512","281","0"
"yellowswan795","$6$rounds=1000$nTN9g6358xsaWcHK$kCLJPzRwA35kmncLVJn7p1TZn04GLqzSPyIZeOwGf8LUSFMJCp30RIODTRHV//GyPJWxIr15ZVbVnCM.nuBT61","tino.roger@example.com","079 701 81 41","323.9728398335505","9833","0"
"orangecat199","$6$rounds=1000$seEPE1pgkWT0ib0.$RPoxf9a4geTMa0tJ2ju5wzvOexhlhx7oaJLwytU.5GqIJBHhW0.4ExQfDbeHTAD8i6TRUXQNnKswPfl0LdI07.","philip.petersen@example.com","09473785","336.58179507395624","8121","0"
"lazycat170","$6$rounds=1000$vLeA1uj9M9.TVszk$Ixa2/CC1na/zEK2.Th/ytAlv8YNKY5h.Sh30tgrLx2WlXxIN4a/Yv4KF540nVpGsHZuiBrU7ZbC5Ql5ViDd7R/","tyler.thompson@example.com","(463)-028-6498","344.2666893204126","8901","0"
"crazyrabbit978","$6$rounds=1000$IWVo4El6adNhQoJE$22kkaGuz7/GhYYhgUcMAfQV8RZrjlrQO3bNpJxx/HNzYe144oaXLSJ8oGnmF/aEXVUI1GmhhGsf9spxY7R3HT/","brittany.long@example.com","(188)-461-5493","241.6553665217662","2001","0"
"beautifulcat879","$6$rounds=1000$xUe6ZEi9n7tkYOoo$9dnRV5vHauArbx8vv.Brjr7sLO7Zb3/cGeVGq.cwVrPyu8zkCqrFcvy/Itt1KRqvs/HkVhTjFtSM2VxxjLTYo/","john.hernandez@example.com","958-616-769","299.5146780241015","2711","0"
"tinyduck730","$6$rounds=1000$oqFpPuRdauYRpcT3$nEK/pz1kFypprGjPDvo2nOz2p5T8TQtsNlAltjb4Nbj7f37fsprLPfYbpFLYONO2bCH6dtmqy8J3dSUYJxCqx/","octavio.alves@example.com","(19) 4943-9286","340.07441061789257","4206","0"
"bigmouse370","$6$rounds=1000$CYt/dwnK9IABE3cC$F1LbZeXmWexT0I7ivr7INGSffAvwqjwUu3IyEgLtVX6LBkgetyJYS6lcku/bavPpBWi9qM/8Cfr79epDRrk6s0","nina.gautier@example.com","03-40-83-28-97","334.52695104057756","3955","0"
"yellowkoala608","$6$rounds=1000$6BvXWJ4YsxG9.Oh4$VH0y.onLeq11/WhTJuyFgWQPc5P2W9PVcKYYIT8QMMVR4ZP924/bLCWWmcJ48LmSw/pzG3r/RfpzBkGM4z0pF.","yolanda.velasco@example.com","973-122-106","346.2734268876046","5584","0"
"bigbird572","$6$rounds=1000$pUtVyq06WuHu5IzX$k.NR4ws2N/UifvqyO6hCvLQJUE06mrqmPaQuR5BEnuuOaaHEtAs97wzkM.xwosysHyV8eWGfSKK9O4SyWuEcb1","aune.vestnes@example.com","38452755","346.34798697929915","3738","0"
"heavyostrich101","$6$rounds=1000$yjmG2KW8jwm.Fwka$yfZebYmicJGToZoP51Hh2fX9G256gi6N9pGdaD5OxHz3vKOBZJ2t/1AXamJoF7tDqHChOwlKmecxQbjZxvxqC0","cesar.ortiz@example.com","964-736-160","302.18002350947285","4982","0"
"beautifulgorilla799","$6$rounds=1000$AvSLEH3wIzideqaX$X0KkBGCTjVWR5a6youdRRfeq//wTTekdOIeRdzkxEVY5Vc8/L0xxQQEQa3LYJTt8uk8cFYW.Vtpacywh4lYLK/","neil.bryant@example.com","061-131-5565","330.9702097301966","1793","0"
"smallpeacock132","$6$rounds=1000$EsMG2Nwp8ZU8NFYi$3A1iPCZcQdaEKXRiWIZgngH9AsJGBpXmfWhPgd5T/yNHhiyrC3NBTl6FzEmZddPMraoL4Ak1MGmiyhXE6oGjG/","lisa.fretheim@example.com","57011192","337.478858179732","8923","0"
"angryfrog826","$6$rounds=1000$DWkwqHC1mrVurSnk$4KbjX5OMa2JPD085TAze33h4dl6jAOd/lylRbtmcJEA.qq.LqzQBpGL/cXX6bc78lYKTYTrfAgvs2Qy2JyuEz0","kadir.camdali@example.com","(980)-487-5909","335.4292096785624","5813","0"
"orangebear950","$6$rounds=1000$CTQc275MX/tupLXk$EPW.QumJ1wH9fpScVpEBGJQQYSjReidzb.wDv1hMj2JS177ZW4NnehL0MdfYKmbIwPjHm7zb7IiVnsYpewUcu0","emmi.salmela@example.com","06-835-838","243.8373101054154","1926","0"
"sadelephant938","$6$rounds=1000$ykPXB4Mr1gEzGf.F$e42pyin8IvTofQ1R0XXO92RgnZza5yYsVQs.HjQqRaH.SfW1kKauTVlpYbjakEb7H3Y3.douCunwxwLCFc33A.","alisa.erkkila@example.com","07-476-300","318.3848330387933","1259","0"
"angrybutterfly766","$6$rounds=1000$oQ698uW.kyLQWaQr$acmiE0x3YOA/7P1wYDHGH100/8n5DBA.sxVx6ocpGKwKnfqZAJur8gv8sm97vsKdf8ik8WPnlzJIuJCA1smYH1","valentine.martin@example.com","02-16-09-75-99","303.1732854382516","2275","0"
"beautifulgorilla711","$6$rounds=1000$KKR43siNEKIrZukf$LXVGFvuFPCFpXI3PFxt9I/YUvXKZiesf3f0Mea8qoFPN.V/B45sV30j8dIdgSJPhB9EN3y29pNrC/fzLgre1f0","ulku.turkyilmaz@example.com","(077)-975-7360","384.8136680879943","5814","0"
"blackfrog238","$6$rounds=1000$/VnYnlrqhG.EMEca$Gbs7MGkurvc8pLkjeOABUsscMM/B2R1JRk.EfGOnUPkUL200VE2/v4irciz8OH70G447lp9EnI.DsZ7SLIkOh/","sonia.hansen@example.com","(038)-661-2928","339.38305623985593","2331","0"
"lazycat686","$6$rounds=1000$2sZP.FoRTxnTIGfF$R2S2hmAdiNX4n6uygEUBqxR4qRhA6y/0Ycsueimb2Erhk9c5WJc1egypoXwwpiMUkZkzdZLrlX4YDYLg2Od92.","leo.anderson@example.com","08-0242-5759","298.55571953926125","1895","0"
"happybird169","$6$rounds=1000$C5TENtg5jgRbjmWn$pFmxESPe22OKjAIY6maUoZ3O//AjTwUzmT0X9oCdHMW4h2TCsYT2bLqYU8yimbkeMnf92PRGT/79eIjyXLbOH/","benjamin.christensen@example.com","63505136","372.1760601333318","1142","0"
"whitebird891","$6$rounds=1000$nL.M4/baYMKcCg5Y$.yRoA.t0Jbsc8BOJrGZ1jjxIpDBfz3MLkUA5JOGxNekJK4UXR4jpyqNwUVJx2qb4lH1UR/LNIUzA81p2o550b/","annabelle.williams@example.com","173-638-0027","326.1404093280193","2551","0"
"goldenladybug220","$6$rounds=1000$J3tgxRQP6At0QamT$bUTRVXz67Sa81jNoanQDIs5to1b0ocMbRrRLuXodMGw8oNw9Bbq8hFaKl6ab1bGzDOcRJPEqiMk6pg0c2sGTc1","luis.stevens@example.com","0335-2437815","288.44762471276886","7594","0"
"redduck922","$6$rounds=1000$.uKczlxnsM.rYM.K$9aVzVsrDJtwzAWGNvbq8PY3mRqOrMtPXd859Zmy4lQ/iwZlBWfFLAdyoa93UikhcrIzQDfbHnGyxZRbld4hvy.","jasper.schrader@example.com","0310-7147761","333.2680308893217","4314","0"
"angryfrog345","$6$rounds=1000$vZCYSugzQVgiO0ja$ttIR66FjBaPk78sjWLENyJEPI39m1ItPCOkJ6h89Ej2F/oWVqxF/DuFup.b9LCAvv9.ddu6Ti.LmNagvxTc9V1","astrid.larsen@example.com","47153257","309.6339297842617","5421","0"
"bluebear948","$6$rounds=1000$DPAIF4nkinYdwYj.$n2WBUbqDlQBbvYjnXhXb2RIbb.CZBc8e6V.51KdTpme3ZWB7bAkTCTC4rdB3hEcZJP8tBsq1ISQvwtYFxNUsz1","santiago.ramos@example.com","914-288-149","315.349914074186","5807","0"
"smalltiger215","$6$rounds=1000$jH0osLdZl.SrMJuq$/FyfR2QSXTbX0cHgWl6P0sm3WptysvTn.6MR6T.a2oQI7BCWc5W4SYjEgEzcgNOtmr9z/KmU2XMwXWPwxya7K.","charles.robinson@example.com","(332)-899-2160","306.765473370952","8497","0"
"redpeacock445","$6$rounds=1000$PBv88AcaZyXB9lHf$4RzhwL8ryAnVpMgg0M9vNyG7tyYPUtiJzec4FAVxOQJTKQACfRnkQeXp8.cfDXksLYduHtzXy7Szf/OzYUGRd/","maxwell.hart@example.com","041-640-6436","329.2492183859291","4283","0"
"ticklishmeercat385","$6$rounds=1000$1fi7H/6Py1d.rXMe$QARxIvEEQr0EZoY7YujtfeVG1/dWJMQGTLZrF595j23c5D/158WCEPcUiehobf5144GcdgYsdUE.9M43x2iGA1","jack.white@example.com","727-570-8106","392.78391049285506","3647","0"
"smallmeercat885","$6$rounds=1000$U96SNf0TDWxCrIEu$NLydxhh/sLDCSNqrnwP5FjphEOGqoEOErbZRJEif9y9vAOQgnsBSddiLEHXgx9M7wgPDGfyqzTTnHIm.n7YGm0","charlotte.ray@example.com","031-948-4572","264.1129509765725","3200","0"
"bigpeacock769","$6$rounds=1000$huPJgmupH1E5CUta$BV0Pc4nDTJk9tfSzBhwb/7DFIpBfBMLNhb0R13Kfj4rBemWH.ToRYasZripPgdVW8Nj5AFa3ejbqmlx2UqNFp.","paloma.ramos@example.com","(72) 9508-6296","328.3301090886564","722","0"
"lazyrabbit976","$6$rounds=1000$GjA5ksUTyyapWJO9$LpBJeOGRX4yMvgepXXys2QlEqLKmaavbSVj71ewAViPju5/q3b50ItAHefRnJ8DyglEBUFMOWNvXhuMuLO4du/","saana.perala@example.com","08-490-324","313.75014966594955","644","0"
"bigsnake723","$6$rounds=1000$6y/8SB25uI2pa1MR$3/5HgatA9iPTgX/wUVw9oLnM7.12F4i2JUdq2JjGoOX/N./ZMRdcCXsc0BCRJ62slclROSOtp.EWJWtxo1Usf/","joshua.brown@example.com","061-439-5032","303.2007423321553","3461","0"
"yellowsnake951","$6$rounds=1000$iO2Nf.kABdyqCYph$CPpAnSWQEhd72dlBBDC09lQVApvfHHgtXmJVT.MMBkJeV0yzbVJJLXhI9mTxpizgSjrg8XYpxwXkkbUvAGuWT.","margot.nicolas@example.com","03-45-65-71-43","309.12592607608394","727","0"
"heavyfish109","$6$rounds=1000$V/mjU7ap8CGcONwK$lkww5ez43FThOyhWNeTPoOBtgpf8b.qEEF/chxIoxppsbPRA6veWNJHZ3bsks3fA1uUq/rzryncQN4MuejcmP1","edelina.porto@example.com","(40) 8042-2150","391.0913152666832","8712","0"
"goldenlion182","$6$rounds=1000$cyT87zICYQ0vs.zH$esSxDRDfpeZ.mhk4QWA2wIRb0pqHmbj3S8LScmOwByeggfEm.r09cJ/KSr78nhmWTC7RIHIw/n.fRi3EFPOva.","jeanette.boyd@example.com","06-9195-8402","311.7331884393206","6621","0"
"beautifuldog511","$6$rounds=1000$AwhTeD0c/xXZ8uCE$3obSET.6w2n0mlNEAqmvhD/OKtVOTxpllK3TqGw1KNbvPDRlq6qVgoY.IHUmHoD6XtD48skxzg.VEtU9MdTwM0","vilho.laitinen@example.com","07-045-881","298.1359770433391","838","0"
"beautifulleopard909","$6$rounds=1000$JTQzUUUq4ont0oFe$FT9s/0L7OUA68.L0Eb.KqdEmEq9/v7sMMQVaZvkUldnLCpJMH9A23hOz2QXV8Z6L8J92t.kJ7Q2PDVpaosKbf/","ilza.monteiro@example.com","(61) 9761-6074","365.5032070276305","5057","0"
"greentiger907","$6$rounds=1000$1sKI5YVzL7wPkbv6$HMs8aqejjkSPJwt424np41OaddbtZHZgNAEYLiD76N3lYFFCDrfY7epCrH.FdTSFX8TJKvgH43JPa2HcGTfAp1","noelie.rolland@example.com","03-66-94-25-11","330.74495004231005","4751","0"
"brownelephant214","$6$rounds=1000$yGvfQP08qYzOllQH$HZIW7ECv7gE3aZnsHeWdYQLqWBmzxN0pRI6NplnJQ9YDXS.EWuXJIbgl4bI4Rth3Z09c8VCVglIy3v7zmycSK0","umit.durmaz@example.com","(613)-589-2886","279.6546222381124","1055","0"
"blackkoala898","$6$rounds=1000$k49QUnPv5FhMAfrc$H8uMbkuhU1Zg/TUsr2qZ6QbWWImd3f.seqli21mX1RCSl12v.blrNhNTrNVSgeZ8ZPzPzD3S8PnWVx8b/QVVt/","noemie.white@example.com","064-125-9124","279.8346370493072","3670","0"
"bigbutterfly510","$6$rounds=1000$wjQit1dwkj7h4nIB$0tlCx2QXivW15DMt3LD.dH04aKpcSdd7xS/nKaJGNCXBrq/fFyTdw3YKEyk5DRmxeTJF/w6amKE7TmuQW0fSl0","ellen.marshall@example.com","016973 80586","300.72134899492534","8936","0"
"goldenpanda868","$6$rounds=1000$yt.pczg/oQBO34Qg$QwYyj1tL/VuFFQqD0wh606G/OJIP2ehQMqRXNGIeRKs/GxYk2TE/iBWhADpRCbzBcyQ/e5uSiAqjl.Ndu5Tna.","melike.kaya@example.com","(361)-133-3557","334.7563456250564","2123","0"
"beautifulladybug881","$6$rounds=1000$.1iCibdN2S4yqcmH$IYlCkIQhZGRV851hoNBpEUAvMUeXoS4v2A/.OcWCUOOpyI9QT3YzliMT5tdDdnLgW10nUfUIEGugJriP/PCmB.","kaya.durak@example.com","(603)-705-1277","258.74428428963046","8300","0"
"lazysnake558","$6$rounds=1000$0xvS6AoDrufh.aBO$0KSXWf8aWXHDJA3TAPSb.kmv7Vcu9twfmFPCElHzuj8Z/Sb0./c/2IGvE1AvVKhHyawpk9O/y6Yet00d8ERV3.","aurora.herrera@example.com","999-891-774","315.6512337189695","2586","0"
"crazybutterfly562","$6$rounds=1000$cPPz/sbIU/vAUha0$M3XWYeAe9L4xQ8tMcy4qdUQU8Zkmx3sM3zLCjvfTLQlK5gBr8riiyLEWwtopC8fKwbArh6XvSpEM18LZJ8mMZ0","john.lane@example.com","0111226 816 3774","281.855395354544","2250","0"
"browntiger337","$6$rounds=1000$dy0hr/vHr9nHjMcK$jxOaKnwNA2Omx1cArn5NxCeE1HMJRul1yudvGrp99AN6D9kRDlwe5oRDAzChX3SCsZaspS1HcEVMSoT0Kri4m1","mario.reid@example.com","04-9699-1593","282.0056826336525","4582","0"
"blueleopard235","$6$rounds=1000$jFC8bB9lusj7YhsO$089NRapDE74qzG/Hm59Z6Z6Sd2PrMVhevXjYUcK/Xdj0y/dhfPjreIb64mnV/hgW7TlUdSR5YRle5r/D6c4IS/","noah.brown@example.com","01781 56353","306.52501709616575","6759","0"
"heavymeercat380","$6$rounds=1000$LGchOfooRf0gb7PD$HfjDFsA8I6fCrE26yVKHGATgSBZ.413Ccd0inzBjop93LLi0FzhbjBXknMJf3soClChWmYFOMRQUtfQycKvRM0","philip.denys@example.com","685-603-0261","266.14185621404516","1125","0"
"crazypanda227","$6$rounds=1000$TNDXynElb.zMvlVn$cyWo8uWL9MB6mpV42QJKr/mfOSt/HUzLsZnDQ6YK31HY6e5mYfDMaizfPhp1ljlsumYnu/JLLph8sqvkZNvGh1","teatske.bosklopper@example.com","(620)-944-7870","274.0061959313673","3024","0"
"purpleleopard162","$6$rounds=1000$Ff2S5zFysA6Z9SSm$FZdqQF0405ysJfqFlvRcY0ovUqBwamwDqvSIXJaOcqST8WNa8KtkOQV3nq8oqtOJK.Y9gPdSSbgmDIjb/BA0Z1","beau.hall@example.com","(349)-416-8985","219.00327516735888","976","0"
"blackmeercat505","$6$rounds=1000$sicj3gH89iDnlbyn$ClYCjcJnSVQRNpjyUayvHo9iRxMPBxg4NBkunE5J.PSmBjoN4eW5zdR2sdYIwmVLS5vsBm0G33na0q1NSknQM1","ella.ouellet@example.com","374-420-6729","375.42574984837483","1971","0"
"heavytiger672","$6$rounds=1000$a8Fjd56q4udFkvKO$3mPyaXuACbR86xg7p3k2kzUboRKcXOWZcnBjFuVmrrCOqPKTdQGMH3sSuBckOtPoiGU41owd0VI1XhZznCHkc/","jeanine.leroux@example.com","075 488 41 02","293.65314025422595","2715","0"
"orangepanda136","$6$rounds=1000$fEvbj1dGEIIb68or$sEWImdphir9ApFhVE7I.oSg6AWo32P4ccH/KnRISG02.IurUHEgMm6c13B4i3KplmgGuawKq8W9Q8ovoiTCYB1","freja.poulsen@example.com","46075558","332.4134416624158","7239","0"
"redsnake165","$6$rounds=1000$fyZoI3bFW8Eo07Gc$MYBIgdLfVRu5ygOryMGH8A.7GKNKgU/dcyuJmgxtS49G7jVtiHmQ8ONzfN7CioVnetwVOOYBpg1rrKp1XWEDg/","hugh.riley@example.com","016974 30973","264.92506899584936","5506","0"
"beautifulgorilla803","$6$rounds=1000$f8eJTjX6FM9xAdXE$L92gjGGbZuKKWyG69F2DlCODn7GOV/3mk11J9QW/s1UiQDj7nLLkg2CH6UA4nXWMb8ForOqj91HzxyBP4sWt9.","maurus.chevalier@example.com","075 386 00 55","276.3964912291372","8319","0"
"crazyduck945","$6$rounds=1000$IlU59Svp2kM/KWQ5$xVjHRPN4nLPgeHO1tCo6Tpmb4FAxOyWg8FgdwrbrinuY6DZQAbK0YfE31d1pUivXAYk9/r2oaLF2XN2NkT1ff1","amanda.jensen@example.com","016977 7964","391.22560977516144","1054","0"
"sadlion699","$6$rounds=1000$NTfkSqrzfuV7eNPa$CyH98mBJsHbDWFE3SMYzA.z1JZypvcw9/StI5BQSnULBmO/wjW1jiE5fO0SOxPJa29pYYYrsTwGAyh7LAzhXS.","carl.moller@example.com","31364418","293.66100479403656","8080","0"
"sadgorilla526","$6$rounds=1000$vmmxqDPbyiuBAoHF$IZvb4VT6z3QtHnemqx1oeMfLWuB6KWw99Rebojomcl2UfBLC.ocjJZIJYgY41DJtE.fGruCvum7W0BLIG26Gc.","maja.jonassen@example.com","59034417","304.05989819371734","9922","0"
"smallwolf609","$6$rounds=1000$a6GRO6jn0MI/lag3$2Kn.HmJdDLT/x9C2t62GpbSEpBxfae9MExLmq/2NvDMeYilajqqaq9m9XtSvu17NlnKmffFYbCg5e6VIG35ij.","rh.sdr@example.com","072-43262978","353.1277371639205","3130","0"
"organicfrog176","$6$rounds=1000$P2Qr.e7ThKFpyzX4$WP3C..8zePjpqW8oRI79KEDuAImCreI08IoupgVQlq8UycF3BACukuO8fTWLRhby1w7PShlGyQk3lUex5c3T01","oliver.kinnunen@example.com","02-714-015","261.67570987420766","661","0"
"sadwolf750","$6$rounds=1000$uq29u0IpS3phkucM$Sb4ABGoCGoFekIDzrb42d3zqGJ8AwCxuafSjjjYY0jaU0ZqkTaCfhSscmIFrLslEaMLLOYnYF6OwkW1d875AD.","elli.haapala@example.com","03-805-752","347.52661681833433","5278","0"
"bigbird883","$6$rounds=1000$FID9XZkAGjml49Dh$RKVpS./dG04GpxjRCzj5.ZwYkO2wL.awQCcNiVcuYZj31Aa6BC1xlOpK71e.zDm0kU8rA.vb5Hze5FBSDpnbe0","jordan.brooks@example.com","020 4803 8558","356.20544896371814","8520","0"
"tinyfish598","$6$rounds=1000$4Hqg7TNVbW76W0pj$rL1nNPbjQb9Fqaf6/EtHY8MIMIi9Yt/LE5y1TxjeyodPfe1gRKgwJX0bG0BHheO6JKmYVq3wN.ZOtnVReyazR1","mandy.bryant@example.com","019467 85428","277.328513928835","6933","0"
"goldenzebra504","$6$rounds=1000$wAhvyAS0PpMNS4Ii$FJ7dghgY2q85vtYpJCTYoaDqL7CD4QNIdZ3K6cN7DTbK7U97rvoJFMcQW0Vrcxz3tdeEsADijpWXlgefn/EDA1","hilal.rouw@example.com","(867)-818-5230","363.31923458052603","7765","0"
"crazybird677","$6$rounds=1000$1OzhkT4EmPqel6JE$vFqaJmycPKl8Pn5RHttfQlk.fn7/dZPAu/elP9cdmoUSuai3MeawqONjqVN86qDDBu5aiIQ9F5fNTeX12N.Xf1","frieda.chevalier@example.com","076 249 62 67","327.03568591699184","3808","0"
"orangeladybug550","$6$rounds=1000$U8mVgfev25noMmpd$GC38UiMzjxkw.LmXKiZKnLuJraiW.Hzd3Uo5nZ7iBbP7lkGt8FI3SMz3ZoH4ZZQhD4wyy1VDZH8uVz7psaZ/P1","kyle.ellis@example.com","02-9621-5955","264.59957770789515","9539","0"
"angrycat138","$6$rounds=1000$40n2z6ybP7mfv0FR$xX0AxIm2kt.bzQQcHs1Xz6PqacM17Mu3KbQ64336ZoLluDZHPn8AdFw8FDbntd/yuUHnImm1zZ/LApdtnuosW/","riley.kumar@example.com","(281)-690-1944","337.0417689094742","4194","0"
"ticklishmouse899","$6$rounds=1000$XbxwcHkp7kLZ/oWp$JVJQvlWGzWKsDI6yIdeDtK9H0M01SLhcVaRoNjIUGlTHbJNImqBbQVf4r23I/siJBhpaqFzYEsSNzHz.oU7Qo1","zachary.mitchell@example.com","192-057-3615","278.23490054814","1697","0"
"orangewolf637","$6$rounds=1000$BcZI48z1VJcuwbaA$DoEpmdCi9bvaA.QvLc.1pWCYX1g4YNnzXNt0jb7aaq0z/SQblKyUXG8Zgw6xWK/radJ2UE3By3XOVz4lOG6YN.","louella.armstrong@example.com","(172)-306-9040","318.30244774359943","8150","0"
"sadelephant412","$6$rounds=1000$54iLdupC3SmP7iI0$3acSHT/3BpIip1V.fP8Vnacs4F1rzemHsikKP6e7X6jscmsBMpOjNTX0Z9tOgZCoXxWYd4c4ie2zFeGrtrZgd/","maelya.louis@example.com","02-41-12-86-18","370.4468162427812","9507","0"
"sadzebra292","$6$rounds=1000$ULJLS3TSDz01EyJQ$tPxjbg0xawKmpP4yWMBQPQn8OMdJJIdIHxLSlWCgXWjhP5rEdynbsYR22mcuhtJe2i3mt/9NhteUYeq8DNY1t.","carolyn.wagner@example.com","01-2442-1149","305.8091181247483","3737","0"
"whitesnake458","$6$rounds=1000$4Wp9cUVKyiH7q3Ib$vkH9k/QscRQQFAhMnCfTY7VQ7RI0yBHeFZY2EGU9sxPYTVb.IiINR2MUAFYddbV/xA5hPNhA7K1rOVBopt9Ba1","poppy.williams@example.com","(558)-742-3807","355.68091536242","7518","0"
"tinyzebra229","$6$rounds=1000$uodgDaimJXAL43HQ$khRcynDrcZZP7CKHljaLmPKhO4cR8ky7eIFfEvT.mbM84zNFg.wDtsX4UXGZiYsY/MlTHwTU8USpdgdb6tvsK.","hakim.landstra@example.com","(246)-480-9857","311.7047899626376","9056","0"
"whitedog941","$6$rounds=1000$hAibAFWRzctDIUmR$dUMFrobxwRH5XrJuEXtMMKJomO3V0lBel.pwBOBdI0V7/L/GihWnTo3oVRt5jeXhdrCuY6zjsO.6QC.VE6bkF.","viljami.hanka@example.com","07-048-418","394.0440184370988","8940","0"
"greengorilla511","$6$rounds=1000$VgVnz6Zg79G1cs7X$hyWIwp.HSIM5YJ.B7iSHU6cbAjeDeuzumfi.JIPY0cX7q.sSGJUHElYF9od43UJRafHNpORxnakoqK3vNV2JK0","lily.bradley@example.com","0111059 763 3808","295.40293629741996","704","0"
"purplepanda541","$6$rounds=1000$.SeQM427iqBdQ48V$Gm4ger6azCMy1eyJPTUFeCIwM0BuH2iLub/QMNmKPb76g11HPqcJA4aqM4hBiCqZKn.R3SHazu5afh4FNTp7H1","sharron.sutton@example.com","021-574-7975","325.8149058666253","5318","0"
"happywolf644","$6$rounds=1000$8mUDBNf6TVRRVsk7$CD.HmQoy55wOAav5Jc.PnoykDvgCJtYl/YaNgkoFaCo7UQLZB0l2eL.3HnW9Uf3VQ4Bu1xvOYl9vgEGk2Q7oI.","emmi.manni@example.com","04-770-420","367.7405174520668","6753","0"
"ticklishgorilla508","$6$rounds=1000$ywYQFZOP/6ZmtTxw$8yJHtHC2JxTux5JK4VodjgTnW1N0MUi4Fv6RfnAflfGvFy0vMOSd0ss1bS7/CkYdB7GhlTiSdVjtMqPaXaQPE0","gumersindo.daconceicao@example.com","(32) 7622-4282","263.3795384860961","8194","0"
"redzebra352","$6$rounds=1000$fVU6cqYFGOM.ybkq$TgYxTZfYqyIsEQMva/jBVs9Mbu2KZUB4sXHlYMDDeCY8cGBHhWVBWJO6kyAFL3Gz7pS.qd9eej28PoN.7Q86l/","siegrid.korb@example.com","0984-6099858","291.61096695083813","6759","0"
"yellowzebra226","$6$rounds=1000$l.YShd.UU/nblwJ2$xPtNRB/9IEBbJHL7k9X40enl9d96lCbKMqdeA1yDlUa23lJCTxjT/cNmd6Ivi8dk39j0EoKcwkaLVT/5rA8hL/","eleanor.marshall@example.com","016977 7756","381.15658698597446","5424","0"
"whitebird822","$6$rounds=1000$DO4ioqQuaYhcsEv5$QrtibPKDsTNUUiNLBsURBhbPy0vPztoULRi/IZaNv77mlngRyPUZVPxFaiQQqSL4x.YMiBjhg2wyBNEiizR/20","victor.white@example.com","289-989-1428","326.7605435604392","7127","0"
"yellowbear503","$6$rounds=1000$gwOmETvluMbeD2b.$berx/octvUK7NxyP3Mvw5oicrVrR3sj3TJuHqDW5MvCezLxUs5UoQ/.hp9FJE7z0l1PR1OG.WQgdTVOoWOMI/1","zoey.garza@example.com","(830)-347-3715","316.55627760414256","949","0"
"brownmeercat403","$6$rounds=1000$EwQ8sNLlFt/FHsT0$nxxf31oY3fRNbkaqav41EQrod0L3bYymUD8.pDpeBxa5FzSH1ppnGkN2d7VmmBic5pr6a58Rukm5Aw3GuTj250","ilona.kurtti@example.com","08-473-679","292.8792214748714","8788","0"
"redzebra590","$6$rounds=1000$m3lyu60uZWJhewqX$fbq9YeMx5Ek8UnFi8MzP63n59bEVO9WPJ.pKCtSTRtw2C9L9.pcglxTUjJ/OfTupk/O2HwO8OAkhiumDTURe41","james.cooper@example.com","(176)-656-9961","287.040136557849","9316","0"
